lat,lon,gust_hours_per_year
24.55605,-81.75381000000000,0.10525937
24.72583,-81.05167,0.061531335
25.6475,-80.43306,0.059390243
25.788092857142900,-80.31690571428570,0.0
25.90694,-80.28028,0.29695123
25.9141,-97.423,0.10525937
25.99889,-80.24111,0.059390243
26.0719,-80.1536,0.11878049
26.155,-81.7752,0.23756097
26.16583,-97.34583,0.37106332
26.18389,-98.25389,0.47512195
26.19694,-80.17083,0.11878049
26.22806,-97.65417,0.5371324
26.25,-80.10833,0.29695123
26.53611,-81.755,0.59390247
26.585,-81.8614,0.22119607
26.684700000000000,-80.0994,0.42103747
26.91722,-81.99139,0.23756097
27.40139,-82.55861,0.25391033
27.49806,-80.37667,0.11878049
27.5,-97.81667,0.22221659
27.651055,-80.41995,0.42103747
27.68333,-97.28333,1.1381727
27.741110000000000,-98.02472,0.49225068
27.76472,-82.6275,0.4157317
27.7742,-97.5122,0.47366714
27.91056,-82.6875,0.11932375
27.96194,-82.54029,0.33955687
28.06222,-81.75417,0.23756097
28.08361,-97.04639,0.061531335
28.101107500000000,-80.64389250000000,0.3044765
28.4338975,-81.325,0.68418586
28.45667,-99.21833,0.2975156
28.47361,-82.45444,0.23876451
28.54528,-81.33306,0.29695123
28.72472,-96.25361,0.553782
28.77972,-81.24361,0.59390247
28.82083,-81.80972,0.17817073
28.861397500000000,-96.930295,0.38012934
29.10972,-95.46194,0.12306267
29.1828,-81.0483,0.15788905
29.2733,-94.8592,0.51840025
29.333,-89.4075,0.30380535
29.3389,-98.472,0.11878049
29.36019,-99.17432,0.98894405
29.378006666666700,-100.92716666666700,0.6028132
29.519065000000000,-95.241985,0.12306267
29.5443,-98.4839,0.3684078
29.622080000000000,-95.65653,0.23756097
29.63333,-83.10528,0.33663595
29.63806,-95.28194,0.47512195
29.6919,-82.2755,0.22016275
29.708895,-98.04568,0.184594
29.73333,-85.03333,0.18556309
29.95056,-94.02056,0.5789265
29.98,-95.36,0.15788905
29.99450333333330,-90.25990333333330,0.5789265
30.0375,-91.88389250000000,0.45570806
30.048172,-102.21266,0.77383476
30.049400000000000,-90.0288,0.96235305
30.0675,-95.55611,0.059390243
30.07194,-83.57361,0.457277
30.12472,-93.22833000000000,0.47366714
30.183086666666700,-97.67993333333330,0.5345122
30.205,-91.9875,0.21430667
30.23333,-81.66667,0.39126942
30.320922000000000,-97.76024,0.0
30.3361,-81.5147,0.059390243
30.34333,-89.82222,0.059390243
30.349,-85.788,1.3718309
30.35,-87.31667,0.3998358
30.35667,-95.41389,0.24612534
30.393060000000000,-84.35333,0.3684078
30.4,-81.41667,0.2666545
30.4,-86.47167,0.12562339
30.4119,-89.0808,0.29695123
30.46361,-88.53194,0.059390243
30.47806,-87.18694,0.3157781
30.495,-81.6936025,0.47366714
30.51083,-99.76639,0.53119546
30.537210000000000,-91.14692000000000,0.3157781
30.58917,-96.36472,0.29695123
30.62639,-88.06806,0.17817073
30.688330000000000,-88.24556,0.33024412
30.74015,-98.23520000000000,0.369188
30.744033333333300,-95.58626333333330,0.0
30.77972,-86.5225,0.23756097
30.7825,-83.27667,0.0
30.83556,-85.18389,0.35634145
30.91194,-102.91667,1.4253658
31.05,-93.18333,0.0
31.15221,-81.390815,0.24612534
31.1827,-90.4708,0.23756097
31.2359,-94.7547,0.23756097
31.28194,-89.25306,0.59390247
31.319045000000000,-85.44986,0.4157317
31.351600000000000,-100.494815,1.3683717
31.3953,-92.2907,0.184594
31.41556,-87.04417,0.23756097
31.42083,-110.84583,0.47512195
31.45838,-109.60676,1.4992304
31.53556,-84.19444,0.4157317
31.5358,-82.5067,0.061531335
31.617015000000000,-97.2284,0.7894452
31.77994,-103.20162000000000,1.0645866
31.81111,-106.37583,0.84207493
31.86056,-86.01222,0.18556309
31.92056,-102.38667,0.43917835
31.944852000000000,-102.197792,1.3683717
32.03111,-96.39889,0.5
32.131330000000000,-110.95522666666700,0.7839277
32.13133,-81.20237,0.3157781
32.26222,-107.72056,0.49225068
32.29971333333330,-86.40750000000000,0.26314843
32.3205,-90.0777,0.42103747
32.3347,-88.74420000000000,0.3157781
32.335500000000000,-104.26066500000000,0.45542395
32.33667,-90.22139,0.4157317
32.35,-91.02778,0.12306267
32.35417,-95.4025,0.35634145
32.39093,-94.71397,0.05968137
32.410500000000000,-99.68220000000000,1.2212168
32.447205000000000,-93.8242725,0.47366714
32.48333,-80.71667,0.07945399
32.51553,-92.04053000000000,0.6564951
32.516102500000000,-84.942205,0.3157781
32.54278,-93.745,0.29695123
32.55,-88.56667,0.4091673
32.57222,-116.97944,0.06936005
32.62295566666670,-116.46762233333300,0.0
32.65,-114.61667,0.36720845
32.66361,-97.09389,0.4157317
32.68083,-96.86806,0.4157317
32.6847,-83.6527,0.21051873
32.69219,-117.20983,0.0
32.71,-96.26722,0.565208
32.733601666666700,-117.18309333333300,0.0
32.781635000000000,-98.06024,0.6185436
32.815396666666700,-117.13878333333300,0.0
32.81917,-97.36139,1.0247978
32.83417,-115.57861,0.059390243
32.85205,-96.855515,0.4852439
32.85472,-109.63528,0.95748866
32.89779600000000,-97.01889800000000,1.315742
32.89943,-80.04075,0.3157781
32.97333,-97.31806,0.539867
33.128683333333300,-117.27846333333300,0.0
33.178328,-86.78167800000000,0.0
33.185280000000000,-96.590835,0.35634145
33.20611,-97.19889,1.3605655
33.2119,-87.6161,0.060582187
33.21944666666670,-117.34950000000000,0.0
33.22083,-92.81417,0.35634145
33.23667,-107.26806,0.369188
33.30740333333330,-104.50840166666700,1.2454277
33.35528,-84.56694,0.184594
33.36442666666670,-81.96332,0.54539347
33.405,-118.41583,0.12306267
33.427716,-112.003818,0.84207493
33.456,-93.98776,0.47512195
33.46167,-80.85806,0.184594
33.46694,-82.03861,0.24612534
33.4825,-90.98528,0.47512195
33.4963,-90.0866,0.31041077
33.56556,-86.745,0.37167466
33.58721,-85.85558,0.24741745
33.618605,-114.714185,0.23756097
33.62278,-111.91056,0.29695123
33.62667,-116.15944,0.06894111
33.6301,-84.4418,0.26314843
33.6361,-91.7556,0.17817073
33.66559200000000,-101.823092,1.8420389
33.68,-117.86639,0.0
33.68833,-112.08167,0.59390247
33.77917,-84.52139,0.11878049
33.81164,-118.14646166666700,0.0
33.81619,-78.72048,0.17817073
33.8222,-116.5043,0.060592238
33.871806666666700,-117.98113000000000,0.0
33.875,-84.30222,0.23756097
33.923030000000000,-118.33375000000000,0.0
33.93803142857140,-118.38849857142900,0.0
33.942708,-81.11885400000000,0.42103747
33.948,-83.3275,0.052629683
33.951675,-117.4406125,0.0
33.97056,-80.99583,0.24612534
33.97528,-117.63611,0.0
33.9786025,-98.492795,2.2725728
34.01755,-118.44996666666700,0.0
34.0236,-118.2911,0.0
34.05,-94.40083,0.11878049
34.055120000000000,-117.59248333333300,0.0
34.11587,-84.850713,0.12836057
34.175,-91.93472,0.35634145
34.18772,-79.73085,0.17817073
34.20026000000000,-118.36014333333300,0.0
34.20083,-119.20694,0.07015943
34.21052666666670,-118.48993333333300,0.0
34.21492,-119.08476,0.0
34.250386666666700,-82.15699666666670,0.0
34.262213333333300,-88.77136,0.31714907
34.2675,-77.8997,0.26314843
34.27194,-83.83028,0.37302127
34.29,-93.06,0.23756097
34.34778,-85.16111,0.12306267
34.35185000000000,-98.98315000000000,0.8930318
34.4258,-119.8425,0.059390243
34.427204,-100.283092,2.2568293
34.4977,-82.7097,0.35634145
34.51833,-109.37917,0.49225068
34.5467,-93.57803,0.0
34.558365000000000,-98.41721,1.4847561
34.608,-79.0591,0.21548672
34.62944,-118.08361,0.05968137
34.64396,-86.78637333333330,0.47366714
34.65167,-112.42083,0.29695123
34.6525,-86.94528,0.24612534
34.67203,-82.88473666666670,0.0
34.70842,-77.43966,0.36350518
34.7273,-92.2389,0.52629685
34.733266666666700,-76.65923666666670,0.5345122
34.7411,-118.2116,0.0625
34.7441,-87.5997,0.553782
34.7675,-114.6188,1.8951055
34.79167,-79.36611,0.29695123
34.84611,-82.34611,0.23756097
34.8536,-116.7858,0.071005054
34.88221,-95.78303000000000,0.5345122
34.88472,-82.22389,0.3157781
34.89851166666670,-120.44919500000000,0.0
34.9,-76.88333,0.5578465
34.98694,-81.0575,0.17817073
34.98942,-99.0525,2.3125
34.99139,-78.88028,0.35634145
35.003027,-105.662781,2.197439
35.01694,-80.62056,0.11878049
35.028092,-110.720806,0.5973461
35.03362,-85.20044,0.3157781
35.04182333333330,-106.61542666666700,1.3683717
35.056397500000000,-89.9864475,0.5789265
35.06765,-77.047945,0.29695123
35.135,-90.23444,0.059390243
35.1441,-111.6663,0.3157781
35.18222,-103.60306,2.7073786
35.19671333333330,-81.15572666666670,0.0
35.223380000000000,-80.954994,0.47366714
35.2295,-101.7042,2.7367435
35.2326,-75.6219,0.27653694
35.23753,-120.64228000000000,0.0
35.25774,-113.93303,0.43237644
35.25778,-93.09472,0.11878049
35.33303,-94.3625,1.1318562
35.35110666666670,-99.20289333333330,2.3162196
35.3889,-97.6006,2.340721
35.431916,-82.5375,0.0
35.43440666666670,-119.05419500000000,0.0
35.5160775,-108.78259,1.1690954
35.53417,-97.64694,1.1397191
35.59304,-88.91668,0.43298054
35.61494666666670,-106.09117333333300,0.9502439
35.65417,-105.14194,1.3341528
35.65667,-95.36139,0.59390247
35.657360000000000,-109.06102,0.44682804
35.669636000000000,-120.628482,0.0
35.695,-101.395,1.0460327
35.74207,-81.38229,0.0
35.81807,-83.98577666666670,0.5789265
35.83111,-90.64639,0.6631045
35.850990000000000,-97.41488,0.55668926
35.855,-77.89306,0.17817073
35.881430000000000,-78.784145,0.21051873
35.93333,-79.06417,0.22639462
35.94028,-89.83083,0.59390247
35.94601,-112.15493333333300,0.0
35.9509,-85.0813,0.059390243
36.009706666666700,-94.16941333333330,0.29695123
36.0167,-102.55,2.1696677
36.023,-84.2337,0.0
36.03944,-95.98444,0.29695123
36.04667,-79.47694,0.23756097
36.0719,-115.1634,0.15859748
36.0936575,-79.9450025,0.35645738
36.120487500000000,-86.685975,0.3684078
36.1312,-97.0697,1.0690244
36.13361,-80.22222,0.121810906
36.19941333333330,-95.88720666666670,0.6315562
36.21167,-115.19583,0.65329266
36.26056,-76.175,0.43071935
36.2668,-93.1566,0.059390243
36.28333,-94.3,0.50240713
36.2966925,-99.76889750000000,1.9884081
36.31639333333330,-119.62699000000000,0.0
36.33333,-119.95,0.0
36.36944666666670,-92.47083333333340,0.0
36.448602,-103.153898,1.4662132
36.47967,-82.39898,0.47366714
36.5729,-79.3351,0.059390243
36.588546000000000,-121.84599400000000,0.0
36.620580000000000,-116.02779000000000,0.51030385
36.62389,-87.41944,0.36525
36.66358833333330,-121.60829,0.0
36.68167,-101.50528,1.8696747
36.700723,-76.129413,0.52141327
36.73667,-97.10194,0.89085364
36.74151666666670,-104.50402666666700,2.030534
36.743586666666700,-108.22921666666700,0.5345122
36.768315,-96.026105,0.23676534
36.7725,-90.32472,0.738376
36.77999857142860,-119.71951428571400,0.0
36.81667,-76.03333,0.47543117
36.87806,-91.9025,0.17817073
36.9033075,-76.192205,0.42103747
36.92611,-111.44778,0.14203772
36.936524000000000,-121.788886,0.0
36.93746,-76.28926,0.72917426
36.9647,-86.42380000000000,0.65329266
36.9832925,-77.0042525,0.0
36.98778,-120.11056,0.07792831
37.0563,-88.774325,0.999964
37.08722,-84.07694,0.4157317
37.09111,-95.56639,1.1878049
37.13194,-76.49306,0.35634145
37.14307333333330,-107.76007666666700,0.6184389
37.15221,-94.49527,0.89085364
37.16806,-97.03694,1.4847561
37.225226666666700,-89.57052000000000,1.0690244
37.239845,-93.39004,1.2631124
37.2622025,-104.33630250000000,2.0192683
37.28346,-102.613784,2.7210603
37.2839,-98.5528,2.2568293
37.285136666666700,-120.51448,0.0
37.2978,-81.20366,0.23756097
37.3050275,-108.6269625,0.61531335
37.31692666666670,-79.97414666666670,0.64856464
37.32126,-79.20656,0.05478476
37.32778,-95.50417,0.6151061
37.35915833333330,-121.92410166666700,0.0
37.3711,-118.358,0.16364247
37.40583,-122.04806,0.0
37.4389,-105.8613,0.8145629
37.51151,-77.32344,0.7368156
37.591379000000000,-83.3142912,0.0
37.6241,-120.9505,0.059390243
37.64974428571430,-97.43373571428570,2.0086107
37.65497166666670,-122.11602666666700,0.0
37.65806,-122.43778,0.16660331
37.67035333333330,-95.48432000000000,1.4847561
37.69361166666670,-121.81449000000000,0.0
37.70639,-112.14556,0.17817073
37.70806,-77.43444,0.123708725
37.7081325,-113.095055,0.47443867
37.721395,-122.220815,0.0
37.74729,-97.22043000000000,1.3659756
37.7686,-99.9678,2.1926541
37.77972,-89.24972,0.7126829
37.78360333333330,-81.12302,0.28040072
37.88925666666670,-121.22590000000000,0.0
37.92722,-100.72472,3.9791462
37.93830666666670,-75.46520166666670,0.0
38.04080750000000,-84.6058075,0.6315562
38.04384,-87.520445,0.89470464
38.04949,-103.51335,3.6821952
38.0511,-117.0902,0.8314634
38.06626666666670,-97.86062333333330,1.7817073
38.070593333333300,-102.68786333333300,4.157317
38.1318,-91.76461,0.58533657
38.1374,-78.4551825,0.0
38.14167,-76.42917,0.21818997
38.1801325,-85.7367725,0.999964
38.18472,-84.90333,0.47512195
38.209692000000000,-122.28385000000000,0.0
38.22806,-85.66361,0.17817073
38.289802,-104.49978400000000,2.5262249
38.3,-76.41667,0.34769157
38.30833,-75.12389,0.12306267
38.32969,-96.192658,1.6629268
38.34083,-75.51325,0.11878049
38.365,-82.555,0.0
38.377434,-121.958486,0.0
38.3794,-81.59,0.5429612
38.41667,-113.01667,1.1690954
38.503796,-122.81037800000000,0.0
38.505415,-107.89819500000000,0.7999073
38.506855,-121.49517333333300,0.0
38.57139,-90.15722,0.5345122
38.59111,-92.15583,0.11936274
38.65732,-90.65581000000000,0.77207315
38.68917,-75.35917,0.19250703
38.69727,-121.59141,0.0
38.70677333333330,-93.18044333333330,0.43071935
38.7525,-90.373604,1.1052233
38.752515,-109.7584475,2.0920653
38.76417,-87.60556,0.89085364
38.76667,-104.3,1.9814647
38.79332,-97.64814666666670,2.672561
38.81,-104.6883825,1.1560286
38.816936,-92.21759600000000,0.9473343
38.828480000000000,-94.88990333333330,1.1284146
38.84999,-94.73927666666670,0.5345122
38.87491,-98.80920666666670,4.276098
38.88989,-79.85544,0.30380535
38.89833,-119.99472,0.059390243
38.92921666666670,-90.42967666666670,1.5382833
38.934870000000000,-77.44728500000000,0.47366714
38.95028,-95.66389,1.3659756
38.95903,-94.37131666666670,0.98450136
39.008006,-95.21162200000000,1.7817073
39.04452,-84.67276,0.7894452
39.0715875,-95.6292775,0.84207493
39.10125166666670,-121.56825333333300,0.0
39.10333,-84.41889,0.47512195
39.12318,-94.59433000000000,0.9502439
39.12649,-123.20060333333300,0.0
39.13333,-86.61667,0.4157317
39.13419,-108.54,0.89470464
39.13476,-96.67858000000000,1.1284146
39.1733,-76.684,0.3684078
39.226515,-106.869435,0.0
39.22917,-106.31694,0.24612534
39.24472,-102.28417,4.1225996
39.27444,-103.66645666666700,2.8919728
39.2775,-120.71028,0.12306267
39.29513333333330,-114.84616,0.38012934
39.29556,-80.22889,0.30760485
39.297248333333300,-94.73063833333330,1.1052233
39.36444,-84.52472,0.17817073
39.36623,-75.0778,0.29840687
39.36833666666670,-101.69506666666700,3.421164
39.37508,-99.82977,2.8919728
39.40376666666670,-77.945,0.35634145
39.41667,-118.71667,0.8840768
39.423810000000000,-83.80677333333330,0.8614387
39.45194,-87.30889,0.5345122
39.45202,-74.56699,0.625964
39.47683,-88.27763666666670,0.65329266
39.483845,-119.771105,0.2690806
39.49,-121.61833,0.0
39.52639,-107.72639,1.8171642
39.551365000000000,-97.6508,2.0635593
39.57028,-104.84889,0.5345122
39.57806,-85.80333,0.47512195
39.59361,-84.22639,0.059390243
39.6013,-116.0055,0.31781596
39.60917,-110.75472,0.35634145
39.64981,-79.92068,0.0
39.6744,-75.60567,0.42103747
39.7062,-77.7304,0.29695123
39.72517,-86.28168,1.2631124
39.75556,-82.65722,0.29695123
39.772275,-94.9157,1.3798866
39.819848,-93.576951,0.0
39.83444,-88.86556,0.59390247
39.835554,-104.65724600000000,1.2800817
39.8447,-89.6839,0.7368156
39.87327,-75.22678,0.89470464
39.9064,-84.21855,0.7894452
39.91851333333330,-76.87506333333330,0.0
39.93692,-91.19192000000000,0.89085364
39.9407525,-74.84081,0.0
39.94444,-81.89222,0.11878049
39.99245,-82.87685,0.89470464
40.02278,-82.4625,0.35634145
40.03972,-88.27778,1.3065853
40.046580000000000,-107.88688250000000,1.4842533
40.068086666666700,-118.56919,0.47512195
40.07806,-83.07806,0.77207315
40.07989333333330,-95.59105333333330,1.3065853
40.08043,-75.01226,0.29695123
40.09722,-92.54333,0.67684466
40.12028,-76.29444,0.5345122
40.15194,-122.25361,0.061531335
40.16667,-103.21667,2.6458473
40.17639,-80.64722,0.5345122
40.1962,-76.7724,0.15788905
40.20639,-100.59139,3.3226922
40.21722,-76.85139,0.23876451
40.23417,-85.39361,0.65329266
40.2380225,-75.55491000000000,0.0
40.27679,-74.81594,0.23756097
40.29639,-78.32028,0.12306267
40.31611,-78.83389,0.17817073
40.33015,-75.12289333333330,0.0
40.35472,-79.92167,0.59390247
40.370025,-75.962955,0.29695123
40.41222,-86.93694,0.59390247
40.442500000000000,-109.51361,0.369188
40.471396666666700,-81.42299333333330,0.0
40.487958000000000,-80.21774200000000,0.3157781
40.49403,-107.52264,1.3536893
40.51,-101.62,2.435
40.5175,-122.2986,0.10525937
40.60181333333330,-98.42627333333330,2.2766593
40.61611,-83.06361,0.25
40.62405,-74.66905,0.059691127
40.63224,-93.90156,0.61531335
40.63915,-73.76401,0.26314843
40.64985,-75.44771,0.3684078
40.6675,-89.68389833333330,0.5789265
40.6825,-74.16942,0.47366714
40.70833,-84.02667,0.6232935
40.73417,-73.41694,0.11878049
40.77809,-111.96941,0.5815241
40.77944,-73.88035,0.11482238
40.78333,-91.12528,0.553782
40.79388166666670,-73.10187666666670,0.0
40.82013666666670,-76.86471666666670,0.0
40.820352,-82.51779200000000,0.5789265
40.82167,-72.86889,0.059390243
40.8288,-115.7886,0.17736323
40.84361,-72.63222,0.125645
40.84702,-96.75318500000000,1.8946686
40.85,-74.06139,0.07841348
40.87306,-81.88667,0.21173914
40.87639,-74.28306,0.059390243
40.9017525,-117.80782000000000,0.43443355
40.91714666666670,-81.43672,0.3257283
40.96119,-98.31346000000000,2.3683357
40.9705,-85.2063,0.68387234
40.978186666666700,-124.10733666666700,0.0
41.01361,-83.66861,1.0460327
41.0375,-81.46417,0.20454545
41.04667,-78.41167,0.18546885
41.06236,-73.70463,0.0
41.073056,-71.923505,0.0
41.10069333333330,-102.98524666666700,3.0150354
41.1059925,-92.4461,1.2306267
41.121318000000000,-100.669408,2.156335
41.13889,-75.37944,0.1387201
41.152593333333300,-104.81343666666700,1.2631124
41.16422,-73.12669,0.10619276
41.17947,-78.89326,0.11878049
41.19611,-112.01139,0.40666172
41.19924,-74.62599,0.059390243
41.24295,-76.9218,0.6697738
41.25306,-70.06083,0.23524044
41.25462,-80.673795,0.3157781
41.262260000000000,-72.88785,0.0
41.272936666666700,-111.03056,1.1878049
41.310564,-95.89968,2.0525577
41.313270000000000,-105.676795,1.7319221
41.314893,-122.317127,0.0
41.3275,-72.04944,0.059390243
41.3336,-75.7269,0.052629683
41.3375,-84.42889,0.23994088
41.34611,-82.17944,0.43071935
41.35012,-71.80111,0.0
41.37164333333330,-73.48297666666670,0.0
41.393026666666700,-70.61530666666670,0.0
41.40535,-81.85239,0.4465159
41.43333,-99.63333,2.0192683
41.4525,-87.00583,0.4157317
41.46528,-90.52333,1.0525937
41.49139,-120.56444,0.07455603
41.50917,-74.265,0.17817073
41.50972,-72.82778,0.0
41.5175,-81.68361,0.47988176
41.531283333333300,-85.78628333333330,0.35634145
41.53219,-71.28332333333330,0.0
41.533848,-93.65303800000000,1.1052233
41.56306,-83.47639,0.49225068
41.58810666666670,-83.80276000000000,0.42103747
41.59441,-109.05704666666700,2.4943902
41.61389,-90.59139,0.98450136
41.623492500000000,-98.950135,1.1690954
41.62574,-73.88156,0.11878049
41.62639,-80.215,0.184594
41.63498666666670,-91.54355666666670,1.476752
41.66861,-70.28,0.11878049
41.67728666666670,-70.95859,0.0
41.68759333333330,-69.99328,0.0
41.707210000000000,-86.31912333333330,0.9641443
41.7219,-71.4325,0.054304194
41.73611,-72.65056,0.11878049
41.74212333333330,-72.18322666666670,0.0
41.76361,-96.17778,1.6629268
41.77,-88.48139,0.8314634
41.77806,-80.69583,0.24612534
41.77883666666670,-122.46812333333300,0.0
41.78028,-124.23667,0.43071935
41.78611,-87.75222,0.950553
41.78722,-111.85333,0.47512195
41.79835,-78.6355,0.061531335
41.803336,-107.19983200000000,2.215128
41.86778,-84.07944,0.15378948
41.870515,-103.59301500000000,1.3033006
41.87556,-71.02111,0.0625
41.883552333333300,-91.71660033333340,0.89085364
41.90972,-70.72944,0.184594
41.91444,-88.24639,1.1284146
41.937886666666700,-72.6823,0.21232378
41.983396666666700,-87.93294666666670,0.74313325
41.984265,-97.435635,1.2694312
41.9913625,-93.62018750000000,0.67684466
42.05726,-102.80085,1.9074714
42.06358,-104.15465333333300,1.7228774
42.08,-80.1825,0.15788905
42.10944,-77.99194,0.061531335
42.1116825,-92.916865,0.92297
42.12083,-87.90472,0.23756097
42.1256,-86.4284,0.35634145
42.14694,-121.72417,0.059390243
42.15778,-72.71611,0.11878049
42.15944,-76.89194,0.17817073
42.19083,-71.17361,0.17817073
42.1927,-89.093,0.68418586
42.2068,-75.98,0.15788905
42.2123,-71.1137,0.9821482
42.22278,-83.74444,0.5345122
42.2313,-83.3308,0.5789265
42.23333,-83.53333,0.7917709
42.23472,-85.55194,0.4178379
42.265710000000000,-84.46328,0.23756097
42.268910000000000,-71.874605,0.21051873
42.3075,-85.25111,1.0096341
42.3606,-71.0097,0.15788905
42.37605666666670,-122.87627333333300,0.0
42.391396,-96.37919,0.999964
42.39792,-90.70499,1.1052233
42.40917,-83.01,0.23756097
42.41667,-87.86667,0.17817073
42.4270375,-73.28912,0.0
42.47,-71.28944,0.059390243
42.48194,-114.48694,0.59390247
42.49333,-79.27222,0.30765668
42.5416175,-113.7661025,0.61531335
42.55194,-71.75583,0.061531335
42.554402,-92.401144,1.3555391
42.57,-72.29111,0.123687774
42.57083,-77.71333,0.061531335
42.58414666666670,-70.91676666666670,0.0
42.58444,-110.1075,1.0096341
42.595,-87.93806,0.5345122
42.6,-123.3667,0.11878049
42.64301666666670,-77.05521333333330,0.0
42.665,-83.41806,0.4847379
42.69728,-73.16967,0.24612534
42.71564333333330,-71.12445333333330,0.0
42.72667,-114.45639,0.30765668
42.74611,-86.09667,0.4157317
42.74722,-73.79912,0.10525937
42.76111,-87.81361,0.11878049
42.77714500000000,-84.59449750000000,0.5333674
42.79611,-105.38028,0.8971446
42.80555666666670,-72.00282666666670,0.0
42.816445,-108.72694250000000,2.4979928
42.83746666666670,-103.09622,2.8919728
42.878306000000000,-100.55,2.7152097
42.88242,-85.523708,0.47366714
42.89139,-73.24694,0.184594
42.8976225,-106.4687075,2.1051874
42.92022666666670,-112.57110333333300,1.4736311
42.93333,-71.43833,0.06057214
42.93997,-78.73615,0.42103747
42.954972500000000,-87.90444250000000,0.3684078
42.9666,-83.7494,0.15788905
43.02056,-102.51833,1.7817073
43.06417,-108.45889,1.5382833
43.107775,-78.94167,0.47512195
43.110456666666700,-76.10364333333330,0.3157781
43.11722,-77.67541,0.3157781
43.14053,-89.34524,0.21051873
43.154410000000000,-93.32671250000000,1.1690954
43.156120000000000,-90.67752333333330,0.0
43.16444,-95.20167,1.5998147
43.17111,-86.23667,0.21051873
43.2049,-71.50274,0.054304194
43.21194,-90.18139,0.4157317
43.23389,-75.41167,0.4390024
43.23889,-123.35472,0.061531335
43.27806,-70.92222,0.059390243
43.33845,-73.61028,0.061531335
43.343110000000000,-72.51895666666670,0.0
43.34993666666670,-76.3842,0.0
43.39056,-99.84222,1.9004878
43.404305,-94.74666500000000,1.6613461
43.51639,-112.06722,0.23756097
43.53306,-84.07972,0.23756097
43.5666,-116.24051,0.4465159
43.57779333333330,-96.75389666666670,1.4210014
43.59497666666670,-118.95664500000000,0.0
43.62639,-72.30472,0.052629683
43.64222,-70.30444,0.21051873
43.73306,-103.61139,0.3955776
43.76667,-99.31833,1.21808
43.76944,-87.85056,0.35634145
43.76944,-88.49083,0.29695123
43.772370000000000,-98.03712250000000,1.7228774
43.83389,-111.80444,0.24612534
43.878818,-91.252716,0.68418586
43.904075,-92.49171750000000,0.9271689
43.96369666666670,-69.71157666666670,0.0
43.96583,-107.95083,0.7126829
43.98444,-88.55694,0.23756097
43.98868,-76.026202,0.0
43.990346666666700,-70.94835333333330,0.0
44.02057333333330,-117.01278666666700,0.184594
44.021772,-82.792932,0.0
44.0439425,-103.05381,3.1051514
44.05111,-101.60111,2.399722
44.1278,-123.2206,0.10573165
44.17081,-114.92704,0.0
44.204034,-72.570416,0.0
44.25580428571430,-121.13941,0.0
44.32056,-69.79722,0.059390243
44.33944,-105.54194,1.292158
44.3591,-84.6738,0.10860839
44.359105,-89.836945,0.49225068
44.3675,-71.545,0.0
44.38131800000000,-100.28551200000000,2.1535966
44.38139,-106.72111,2.13656
44.38528,-74.20667,0.06215963
44.398086666666700,-98.22308666666670,1.2489964
44.4683,-73.1499,0.05309638
44.4794,-88.1366,0.26314843
44.51694,-108.08222,2.138049
44.52278666666670,-114.21500000000000,0.184594
44.544778,-110.422064,0.0
44.547940000000000,-95.08100666666670,0.89085364
44.57608666666670,-71.17847333333330,0.0
44.63806,-90.1875,0.4177696
44.64641,-73.46548666666670,0.0
44.74083,-85.5825,0.059390243
44.76940666666670,-106.968815,0.7602587
44.79722,-68.81861,0.06182295
44.83088,-93.46711,0.77207315
44.8428,-117.8086,0.14115942
44.866242,-91.487334,0.5345122
44.883092,-93.228898,0.999964
44.88889,-116.10167,0.061531335
44.904670000000000,-97.149454,1.0460327
44.90498,-123.00109000000000,0.0
44.92774666666670,-89.62664333333330,0.43071935
44.931716,-93.05416200000000,0.89085364
44.93583,-74.84583,0.06592961
45.01441,-84.6974,0.0
45.032601,-102.01999,3.783294
45.062145000000000,-93.35087250000000,0.5345122
45.07162333333330,-83.56443166666670,0.0
45.19472,-123.13389,0.068954125
45.24792666666670,-122.76939,0.0
45.2575,-112.55442,1.4253658
45.443307500000000,-98.413015,0.97747546
45.461983,-69.595603,0.0
45.511788,-118.424647,0.0
45.54291333333330,-122.95098,0.0
45.5433,-94.0513,0.47366714
45.54639,-100.40778,1.107564
45.55111,-122.40889,0.052629683
45.5644,-84.7927,0.12306267
45.59414,-122.606275,0.0
45.604294,-103.546996,4.7867866
45.61920333333330,-121.16622166666700,0.0
45.620893333333300,-122.65621666666700,0.0
45.631115,-89.47379000000000,0.23756097
45.647732,-68.691212,0.0
45.669018,-96.99183,0.8614387
45.698300000000000,-110.44080000000000,2.7760587
45.698300000000000,-118.8547,0.21051873
45.771546666666700,-122.86196666666700,0.0
45.788,-111.1608,0.9502439
45.80690666666670,-108.54220333333300,1.6512206
45.81833,-88.11444,0.11936274
45.82583,-119.26111,0.184594
45.868255,-95.394135,0.3946089
45.9647,-112.5006,0.061531335
46.01389,-102.65472,1.8350725
46.0275,-91.44365666666670,0.0
46.09472,-118.28694,0.11878049
46.11849,-67.7928225,0.0
46.14417,-115.59639,0.0
46.1569,-123.8825,0.054304194
46.26667,-119.11667,0.29695123
46.358315000000000,-104.25,1.7228774
46.3747,-117.0156,0.21051873
46.40472,-94.13083,0.43071935
46.412036,-86.650452,0.0
46.42661400000000,-105.88250000000000,2.1635702
46.479503333333300,-84.35735166666670,0.0
46.54861,-90.91889,0.12306267
46.56833,-120.54278,0.052629683
46.60559000000000,-111.9636025,0.21143271
46.74389,-117.10861,0.12306267
46.7825,-100.757204,1.0525937
46.79941333333330,-102.79720666666700,0.65953416
46.8369,-92.1833,0.21526447
46.8705,-68.0173,0.11214308
46.90056,-95.06778,0.61531335
46.920815000000000,-114.0925,0.29634887
46.925286666666700,-96.81110666666670,1.1052233
46.925810000000000,-98.66912333333330,1.107564
46.97274,-123.93024,0.4739403
46.973373333333300,-122.90357666666700,0.0
47.03389,-120.53028,0.061531335
47.049194000000000,-109.459574,0.7126829
47.16847,-88.48903,0.29695123
47.20778,-119.31917,0.0
47.238108,-123.14094600000000,0.0
47.26748,-122.57615,0.0
47.28543333333330,-68.31127,0.0
47.30739,-119.51475166666700,0.0
47.325928,-106.948724,1.3699322
47.384390000000000,-92.83674666666670,0.0
47.3977,-120.2013,0.061531335
47.44445166666670,-122.31391833333300,0.0
47.467386,-87.875032,0.0
47.47331,-111.38220666666700,0.45267233
47.49333,-122.21444,0.0
47.53536666666670,-122.30547000000000,0.0
47.6216,-117.528,0.3684078
47.646142,-101.440584,1.3263445
47.68306,-117.32139,0.059390243
47.745404,-90.345639,0.0
47.90778,-122.28028,0.059390243
47.9375,-124.555,0.054304194
47.94407,-97.18228400000000,0.84207493
47.97324666666670,-117.427465,0.0
48.09444,-105.57444,0.9637203
48.12083333333330,-123.50109333333300,0.0
48.1738225,-103.6366175,0.7386249
48.213815000000000,-106.62139833333300,1.2489964
48.2552,-101.2733,0.65329266
48.3042,-114.2636,0.052629683
48.35,-122.66667,0.29987684
48.464444,-119.516944,0.0
48.521473333333300,-123.02417333333300,0.0
48.54279666666670,-109.763305,1.68343
48.563895,-93.39780000000000,0.17522188
48.6033,-112.3752,0.65329266
48.71667,-94.6,0.06383257
48.79389,-122.53722,0.0